//Motor_Max=30.0,Motor_Min=-25.0,Battery_Max=30.0,Battery_Min=-12.0,Cutoff_Start=30.0,Cutoff_End=28.0,Temp_Start=85.0,Temp_End=100.0,Watt_Max=15000,Speed_Limit=25.0,Wheelsize=80,Motor_Teeth=15,Wheel_Teeth=36,Motor_Poles=14,Battery_Cells=10,Battery_Wh=300,Vesc_Count=2,Speed_Unit=0
Time,TempPcb,MotorCurrent,BatteryCurrent,DutyCycle,Speed,InpVoltage,AmpHours,AmpHoursCharged,WattHours,WattHoursCharged,Distance,Power,Fault,TimePassedInMs,Latitude,Longitude,Altitude,GPSSpeed
20_09_2022_15_43_12.038,28.7,7.58,2.24,43,15.7,37.0,0.005,0.000,0.194,0.000,0.194,83,0,188,0.0,0.0,0.0,0.0
20_09_2022_15_43_13.126,28.7,1.38,0.68,57,24.0,37.1,0.005,0.000,0.203,0.000,0.201,25,0,1276,0.0,0.0,0.0,0.0
20_09_2022_15_43_13.913,28.8,1.32,0.64,57,24.0,37.2,0.005,0.000,0.204,0.000,0.206,24,0,2063,0.0,0.0,0.0,0.0
20_09_2022_15_43_14.401,28.8,1.34,0.66,57,24.0,37.1,0.005,0.000,0.205,0.000,0.210,24,0,2551,0.0,0.0,0.0,0.0
20_09_2022_15_43_14.926,28.9,1.36,0.66,58,24.0,37.1,0.005,0.000,0.207,0.000,0.213,24,0,3076,0.0,0.0,0.0,0.0
20_09_2022_15_43_15.075,28.9,1.34,0.66,58,24.2,37.1,0.006,0.000,0.207,0.000,0.214,24,0,3225,0.0,0.0,0.0,0.0
20_09_2022_15_43_15.262,28.9,1.30,0.64,58,24.1,37.1,0.006,0.000,0.208,0.000,0.215,24,0,3412,0.0,0.0,0.0,0.0
20_09_2022_15_43_15.450,28.9,1.30,0.64,58,24.2,37.1,0.006,0.000,0.208,0.000,0.216,24,0,3600,0.0,0.0,0.0,0.0
20_09_2022_15_43_15.601,28.9,1.18,0.58,58,24.2,37.1,0.006,0.000,0.208,0.000,0.218,22,0,3751,0.0,0.0,0.0,0.0
20_09_2022_15_43_15.789,28.9,1.26,0.62,58,24.2,37.1,0.006,0.000,0.209,0.000,0.219,23,0,3939,0.0,0.0,0.0,0.0
20_09_2022_15_43_15.977,29.0,1.28,0.64,58,24.2,37.1,0.006,0.000,0.209,0.000,0.220,24,0,4127,0.0,0.0,0.0,0.0
20_09_2022_15_43_16.426,29.0,1.16,0.56,58,24.3,37.1,0.006,0.000,0.210,0.000,0.223,21,0,4576,0.0,0.0,0.0,0.0
20_09_2022_15_43_17.213,29.1,1.18,0.58,58,24.3,37.2,0.006,0.000,0.212,0.000,0.228,22,0,5363,0.0,0.0,0.0,0.0
20_09_2022_15_43_17.402,29.1,0.94,0.46,54,24.0,37.3,0.006,0.000,0.212,0.000,0.230,17,0,5552,0.0,0.0,0.0,0.0
20_09_2022_15_43_17.888,29.1,0.00,0.00,34,15.6,37.3,0.006,0.000,0.212,0.000,0.232,0,0,6038,0.0,0.0,0.0,0.0
20_09_2022_15_43_18.975,29.1,0.00,0.00,1,0.8,37.3,0.006,0.000,0.212,0.000,0.235,0,0,7125,0.0,0.0,0.0,0.0
20_09_2022_15_43_19.162,29.1,0.00,0.00,0,0.0,37.3,0.006,0.000,0.212,0.000,0.236,0,0,7312,0.0,0.0,0.0,0.0
20_09_2022_15_43_19.313,29.1,0.00,0.00,0,0.0,37.3,0.006,0.000,0.212,0.000,0.236,0,0,7463,0.0,0.0,0.0,0.0
20_09_2022_15_43_19.500,29.1,0.00,0.00,0,0.0,37.4,0.006,0.000,0.212,0.000,0.236,0,0,7650,0.0,0.0,0.0,0.0
20_09_2022_15_43_19.988,29.1,0.00,0.00,0,0.0,37.3,0.006,0.000,0.212,0.000,0.236,0,0,8138,0.0,0.0,0.0,0.0
20_09_2022_15_43_20.175,29.1,0.00,0.00,0,0.0,37.3,0.006,0.000,0.212,0.000,0.236,0,0,8325,0.0,0.0,0.0,0.0
20_09_2022_15_43_20.364,29.1,0.00,0.00,0,0.0,37.3,0.006,0.000,0.212,0.000,0.236,0,0,8514,0.0,0.0,0.0,0.0
20_09_2022_15_43_20.513,29.1,0.00,0.00,0,0.0,37.3,0.006,0.000,0.212,0.000,0.236,0,0,8663,0.0,0.0,0.0,0.0
20_09_2022_15_43_20.700,29.1,0.00,0.00,0,0.0,37.3,0.006,0.000,0.212,0.000,0.236,0,0,8850,0.0,0.0,0.0,0.0
20_09_2022_15_43_20.894,29.1,0.00,0.00,0,0.0,37.3,0.006,0.000,0.212,0.000,0.236,0,0,9044,0.0,0.0,0.0,0.0
20_09_2022_15_43_21.075,29.1,0.00,0.00,0,0.0,37.3,0.006,0.000,0.212,0.000,0.236,0,0,9225,0.0,0.0,0.0,0.0
20_09_2022_15_43_21.225,29.1,0.00,0.00,0,0.0,37.3,0.006,0.000,0.212,0.000,0.236,0,0,9375,0.0,0.0,0.0,0.0
20_09_2022_15_43_21.413,29.1,0.00,0.00,0,0.0,37.3,0.006,0.000,0.212,0.000,0.236,0,0,9563,0.0,0.0,0.0,0.0
20_09_2022_15_43_21.562,29.1,0.00,0.00,0,0.0,37.3,0.006,0.000,0.212,0.000,0.236,0,0,9712,0.0,0.0,0.0,0.0
20_09_2022_15_43_22.050,29.1,0.00,0.00,0,0.0,37.3,0.006,0.000,0.212,0.000,0.236,0,0,10200,0.0,0.0,0.0,0.0
20_09_2022_15_43_22.238,29.1,0.00,0.00,0,0.0,37.3,0.006,0.000,0.212,0.000,0.236,0,0,10388,0.0,0.0,0.0,0.0
20_09_2022_15_43_22.463,29.1,0.00,0.00,0,0.0,37.3,0.006,0.000,0.212,0.000,0.236,0,0,10613,0.0,0.0,0.0,0.0
20_09_2022_15_43_22.613,29.1,0.00,0.00,0,0.0,37.3,0.006,0.000,0.212,0.000,0.236,0,0,10763,0.0,0.0,0.0,0.0
20_09_2022_15_43_22.800,29.1,0.00,0.00,0,0.0,37.3,0.006,0.000,0.212,0.000,0.236,0,0,10950,0.0,0.0,0.0,0.0
20_09_2022_15_43_22.987,29.1,0.00,0.00,0,0.0,37.3,0.006,0.000,0.212,0.000,0.236,0,0,11137,0.0,0.0,0.0,0.0
20_09_2022_15_43_23.138,29.1,0.00,0.00,0,0.0,37.4,0.006,0.000,0.212,0.000,0.236,0,0,11288,0.0,0.0,0.0,0.0
20_09_2022_15_43_23.342,29.1,0.00,0.00,0,0.0,37.3,0.006,0.000,0.212,0.000,0.236,0,0,11492,0.0,0.0,0.0,0.0
20_09_2022_15_43_23.514,29.1,0.00,0.00,0,0.0,37.3,0.006,0.000,0.212,0.000,0.236,0,0,11664,0.0,0.0,0.0,0.0
20_09_2022_15_43_23.700,29.1,0.00,0.00,0,0.0,37.3,0.006,0.000,0.212,0.000,0.236,0,0,11850,0.0,0.0,0.0,0.0
20_09_2022_15_43_24.150,29.1,0.00,0.00,0,0.0,37.3,0.006,0.000,0.212,0.000,0.236,0,0,12300,0.0,0.0,0.0,0.0
20_09_2022_15_43_24.338,29.1,0.00,0.00,0,0.0,37.3,0.006,0.000,0.212,0.000,0.236,0,0,12488,0.0,0.0,0.0,0.0
20_09_2022_15_43_24.524,29.1,0.00,0.00,0,0.0,37.3,0.006,0.000,0.212,0.000,0.236,0,0,12674,0.0,0.0,0.0,0.0
20_09_2022_15_43_25.012,29.1,0.00,0.00,0,0.0,37.3,0.006,0.000,0.212,0.000,0.236,0,0,13162,0.0,0.0,0.0,0.0
20_09_2022_15_43_25.200,29.1,0.00,0.00,0,0.0,37.4,0.006,0.000,0.212,0.000,0.236,0,0,13350,0.0,0.0,0.0,0.0
20_09_2022_15_43_25.350,29.1,0.00,0.00,0,0.0,37.3,0.006,0.000,0.212,0.000,0.236,0,0,13500,0.0,0.0,0.0,0.0
20_09_2022_15_43_25.538,29.1,0.00,0.00,0,0.0,37.3,0.006,0.000,0.212,0.000,0.236,0,0,13688,0.0,0.0,0.0,0.0
20_09_2022_15_43_25.724,29.1,0.00,0.00,0,0.0,37.3,0.006,0.000,0.212,0.000,0.236,0,0,13874,0.0,0.0,0.0,0.0
20_09_2022_15_43_25.876,29.1,0.00,0.00,0,0.0,37.2,0.006,0.000,0.212,0.000,0.236,0,0,14026,0.0,0.0,0.0,0.0
20_09_2022_15_43_26.062,29.0,0.00,0.00,0,0.0,37.3,0.006,0.000,0.212,0.000,0.236,0,0,14212,0.0,0.0,0.0,0.0
20_09_2022_15_43_26.249,29.0,0.00,0.00,0,0.0,37.3,0.006,0.000,0.212,0.000,0.236,0,0,14399,0.0,0.0,0.0,0.0
20_09_2022_15_43_26.400,29.0,0.00,0.00,0,0.0,37.3,0.006,0.000,0.212,0.000,0.236,0,0,14550,0.0,0.0,0.0,0.0
20_09_2022_15_43_26.888,29.0,0.00,0.00,0,0.0,37.3,0.006,0.000,0.212,0.000,0.236,0,0,15038,0.0,0.0,0.0,0.0
20_09_2022_15_43_27.075,29.0,0.00,0.00,0,0.0,37.3,0.006,0.000,0.212,0.000,0.236,0,0,15225,0.0,0.0,0.0,0.0
20_09_2022_15_43_27.300,29.0,0.00,0.00,0,0.0,37.3,0.006,0.000,0.212,0.000,0.236,0,0,15450,0.0,0.0,0.0,0.0
20_09_2022_15_43_27.750,29.0,0.00,0.00,0,0.0,37.3,0.006,0.000,0.212,0.000,0.236,0,0,15900,0.0,0.0,0.0,0.0
20_09_2022_15_43_27.937,29.0,0.00,0.00,0,0.0,37.3,0.006,0.000,0.212,0.000,0.236,0,0,16087,0.0,0.0,0.0,0.0
20_09_2022_15_43_28.126,29.0,0.00,0.00,0,0.0,37.3,0.006,0.000,0.212,0.000,0.236,0,0,16276,0.0,0.0,0.0,0.0
20_09_2022_15_43_28.275,29.0,0.00,0.00,0,0.0,37.3,0.006,0.000,0.212,0.000,0.236,0,0,16425,0.0,0.0,0.0,0.0
20_09_2022_15_43_28.462,29.0,0.00,0.00,0,0.0,37.3,0.006,0.000,0.212,0.000,0.236,0,0,16612,0.0,0.0,0.0,0.0
20_09_2022_15_43_28.688,29.0,0.00,0.00,0,0.0,37.3,0.006,0.000,0.212,0.000,0.236,0,0,16838,0.0,0.0,0.0,0.0
20_09_2022_15_43_28.838,29.0,0.00,0.00,0,0.0,37.3,0.006,0.000,0.212,0.000,0.236,0,0,16988,0.0,0.0,0.0,0.0
20_09_2022_15_43_29.025,29.0,0.00,0.00,0,0.0,37.3,0.006,0.000,0.212,0.000,0.236,0,0,17175,0.0,0.0,0.0,0.0
20_09_2022_15_43_29.212,29.0,0.00,0.00,0,0.0,37.3,0.006,0.000,0.212,0.000,0.236,0,0,17362,0.0,0.0,0.0,0.0
20_09_2022_15_43_29.363,29.0,0.00,0.00,0,0.0,37.3,0.006,0.000,0.212,0.000,0.236,0,0,17513,0.0,0.0,0.0,0.0
20_09_2022_15_43_29.550,29.0,0.00,0.00,0,0.0,37.3,0.006,0.000,0.212,0.000,0.236,0,0,17700,0.0,0.0,0.0,0.0
20_09_2022_15_43_29.737,29.0,0.00,0.00,0,0.0,37.3,0.006,0.000,0.212,0.000,0.236,0,0,17887,0.0,0.0,0.0,0.0
20_09_2022_15_43_29.925,29.0,0.00,0.00,0,0.0,37.3,0.006,0.000,0.212,0.000,0.236,0,0,18075,0.0,0.0,0.0,0.0
20_09_2022_15_43_30.113,29.0,0.00,0.00,0,0.0,37.3,0.006,0.000,0.212,0.000,0.236,0,0,18263,0.0,0.0,0.0,0.0
20_09_2022_15_43_30.562,29.0,0.00,0.00,0,0.0,37.3,0.006,0.000,0.212,0.000,0.236,0,0,18712,0.0,0.0,0.0,0.0
20_09_2022_15_43_31.056,29.0,0.00,0.00,0,0.0,37.3,0.006,0.000,0.212,0.000,0.236,0,0,19206,0.0,0.0,0.0,0.0
20_09_2022_15_43_31.238,29.0,0.00,0.00,0,0.0,37.3,0.006,0.000,0.212,0.000,0.236,0,0,19388,0.0,0.0,0.0,0.0
20_09_2022_15_43_31.388,29.0,0.00,0.00,0,0.0,37.3,0.006,0.000,0.212,0.000,0.236,0,0,19538,0.0,0.0,0.0,0.0
20_09_2022_15_43_31.875,29.0,0.00,0.00,0,0.0,37.3,0.006,0.000,0.212,0.000,0.236,0,0,20025,0.0,0.0,0.0,0.0
20_09_2022_15_43_32.063,29.0,0.00,0.00,0,0.0,37.3,0.006,0.000,0.212,0.000,0.236,0,0,20213,0.0,0.0,0.0,0.0
20_09_2022_15_43_32.250,29.0,0.00,0.00,0,0.0,37.3,0.006,0.000,0.212,0.000,0.236,0,0,20400,0.0,0.0,0.0,0.0
20_09_2022_15_43_32.400,29.0,0.00,0.00,0,0.0,37.3,0.006,0.000,0.212,0.000,0.236,0,0,20550,0.0,0.0,0.0,0.0
20_09_2022_15_43_32.589,29.0,0.00,0.00,0,0.0,37.4,0.006,0.000,0.212,0.000,0.236,0,0,20739,0.0,0.0,0.0,0.0
20_09_2022_15_43_32.776,29.0,0.00,0.00,0,0.0,37.3,0.006,0.000,0.212,0.000,0.236,0,0,20926,0.0,0.0,0.0,0.0
20_09_2022_15_43_32.963,29.0,0.00,0.00,0,0.0,37.3,0.006,0.000,0.212,0.000,0.236,0,0,21113,0.0,0.0,0.0,0.0
20_09_2022_15_43_33.113,29.0,0.00,0.00,0,0.0,37.3,0.006,0.000,0.212,0.000,0.236,0,0,21263,0.0,0.0,0.0,0.0
20_09_2022_15_43_33.602,29.0,0.00,0.00,0,0.0,37.3,0.006,0.000,0.212,0.000,0.236,0,0,21752,0.0,0.0,0.0,0.0
20_09_2022_15_43_33.789,29.0,0.00,0.00,0,0.0,37.3,0.006,0.000,0.212,0.000,0.236,0,0,21939,0.0,0.0,0.0,0.0
20_09_2022_15_43_33.976,29.0,0.00,0.00,0,0.0,37.3,0.006,0.000,0.212,0.000,0.236,0,0,22126,0.0,0.0,0.0,0.0
20_09_2022_15_43_34.163,29.0,0.00,0.00,0,0.0,37.3,0.006,0.000,0.212,0.000,0.236,0,0,22313,0.0,0.0,0.0,0.0
20_09_2022_15_43_34.314,29.0,0.00,0.00,0,0.0,37.3,0.006,0.000,0.212,0.000,0.236,0,0,22464,0.0,0.0,0.0,0.0
20_09_2022_15_43_34.801,29.0,0.00,0.00,0,0.0,37.3,0.006,0.000,0.212,0.000,0.236,0,0,22951,0.0,0.0,0.0,0.0
20_09_2022_15_43_35.288,29.0,0.00,0.00,0,0.0,37.3,0.006,0.000,0.212,0.000,0.236,0,0,23438,0.0,0.0,0.0,0.0
20_09_2022_15_43_35.776,29.0,0.00,0.00,0,0.0,37.3,0.006,0.000,0.212,0.000,0.236,0,0,23926,0.0,0.0,0.0,0.0
20_09_2022_15_43_35.963,29.0,0.00,0.00,0,0.0,37.3,0.006,0.000,0.212,0.000,0.236,0,0,24113,0.0,0.0,0.0,0.0
20_09_2022_15_43_36.115,29.0,0.00,0.00,0,0.0,37.3,0.006,0.000,0.212,0.000,0.236,0,0,24265,0.0,0.0,0.0,0.0
20_09_2022_15_43_36.301,29.0,0.00,0.00,0,0.0,37.3,0.006,0.000,0.212,0.000,0.236,0,0,24451,0.0,0.0,0.0,0.0
20_09_2022_15_43_36.489,29.0,0.00,0.00,0,0.0,37.3,0.006,0.000,0.212,0.000,0.236,0,0,24639,0.0,0.0,0.0,0.0
20_09_2022_15_43_36.676,29.0,0.00,0.00,0,0.0,37.3,0.006,0.000,0.212,0.000,0.236,0,0,24826,0.0,0.0,0.0,0.0
20_09_2022_15_43_36.826,29.0,0.00,0.00,0,0.0,37.3,0.006,0.000,0.212,0.000,0.236,0,0,24976,0.0,0.0,0.0,0.0
20_09_2022_15_43_37.014,29.0,0.00,0.00,0,0.0,37.3,0.006,0.000,0.212,0.000,0.236,0,0,25164,0.0,0.0,0.0,0.0
20_09_2022_15_43_37.501,29.0,0.00,0.00,0,0.0,37.3,0.006,0.000,0.212,0.000,0.236,0,0,25651,0.0,0.0,0.0,0.0
20_09_2022_15_43_37.689,29.0,0.00,0.00,0,0.0,37.3,0.006,0.000,0.212,0.000,0.236,0,0,25839,0.0,0.0,0.0,0.0
20_09_2022_15_43_38.176,29.0,0.00,0.00,0,0.0,37.3,0.006,0.000,0.212,0.000,0.236,0,0,26326,0.0,0.0,0.0,0.0
20_09_2022_15_43_38.327,28.9,0.00,0.00,0,0.0,37.3,0.006,0.000,0.212,0.000,0.236,0,0,26477,0.0,0.0,0.0,0.0
20_09_2022_15_43_38.514,29.0,0.00,0.00,0,0.0,37.3,0.006,0.000,0.212,0.000,0.236,0,0,26664,0.0,0.0,0.0,0.0
20_09_2022_15_43_38.701,29.0,0.00,0.00,0,0.0,37.3,0.006,0.000,0.212,0.000,0.236,0,0,26851,0.0,0.0,0.0,0.0
20_09_2022_15_43_38.889,28.9,0.00,0.00,0,0.0,37.3,0.006,0.000,0.212,0.000,0.236,0,0,27039,0.0,0.0,0.0,0.0
20_09_2022_15_43_39.038,29.0,0.00,0.00,0,0.0,37.3,0.006,0.000,0.212,0.000,0.236,0,0,27188,0.0,0.0,0.0,0.0
20_09_2022_15_43_39.226,29.0,0.00,0.00,0,0.0,37.3,0.006,0.000,0.212,0.000,0.236,0,0,27376,0.0,0.0,0.0,0.0
20_09_2022_15_43_39.414,28.9,0.00,0.00,0,0.0,37.3,0.006,0.000,0.212,0.000,0.236,0,0,27564,0.0,0.0,0.0,0.0
20_09_2022_15_43_39.601,28.9,0.00,0.00,0,0.0,37.3,0.006,0.000,0.212,0.000,0.236,0,0,27751,0.0,0.0,0.0,0.0
20_09_2022_15_43_39.751,28.9,0.00,0.00,0,0.0,37.3,0.006,0.000,0.212,0.000,0.236,0,0,27901,0.0,0.0,0.0,0.0
20_09_2022_15_43_39.939,28.9,0.00,0.00,0,0.0,37.3,0.006,0.000,0.212,0.000,0.236,0,0,28089,0.0,0.0,0.0,0.0
20_09_2022_15_43_40.126,28.9,0.00,0.00,0,0.0,37.3,0.006,0.000,0.212,0.000,0.236,0,0,28276,0.0,0.0,0.0,0.0
20_09_2022_15_43_40.314,28.9,0.00,0.00,0,0.0,37.3,0.006,0.000,0.212,0.000,0.236,0,0,28464,0.0,0.0,0.0,0.0
20_09_2022_15_43_40.463,28.9,0.00,0.00,0,0.0,37.3,0.006,0.000,0.212,0.000,0.236,0,0,28613,0.0,0.0,0.0,0.0
20_09_2022_15_43_40.652,28.9,0.00,0.00,0,0.0,37.3,0.006,0.000,0.212,0.000,0.236,0,0,28802,0.0,0.0,0.0,0.0
20_09_2022_15_43_40.838,28.9,0.00,0.00,0,0.0,37.3,0.006,0.000,0.212,0.000,0.236,0,0,28988,0.0,0.0,0.0,0.0
20_09_2022_15_43_41.027,28.9,0.00,0.00,0,0.0,37.4,0.006,0.000,0.212,0.000,0.236,0,0,29177,0.0,0.0,0.0,0.0
20_09_2022_15_43_41.176,28.9,0.00,0.00,0,0.0,37.3,0.006,0.000,0.212,0.000,0.236,0,0,29326,0.0,0.0,0.0,0.0
20_09_2022_15_43_41.364,28.9,0.00,0.00,0,0.0,37.3,0.006,0.000,0.212,0.000,0.236,0,0,29514,0.0,0.0,0.0,0.0
20_09_2022_15_43_41.551,28.9,0.00,0.00,0,0.0,37.3,0.006,0.000,0.212,0.000,0.236,0,0,29701,0.0,0.0,0.0,0.0
20_09_2022_15_43_41.739,28.9,0.00,0.00,0,0.0,37.3,0.006,0.000,0.212,0.000,0.236,0,0,29889,0.0,0.0,0.0,0.0
20_09_2022_15_43_41.927,28.9,0.00,0.00,0,0.0,37.3,0.006,0.000,0.212,0.000,0.236,0,0,30077,0.0,0.0,0.0,0.0
20_09_2022_15_43_42.076,28.9,0.00,0.00,0,0.0,37.3,0.006,0.000,0.212,0.000,0.236,0,0,30226,0.0,0.0,0.0,0.0
20_09_2022_15_43_42.263,28.9,0.00,0.00,0,0.0,37.3,0.006,0.000,0.212,0.000,0.236,0,0,30413,0.0,0.0,0.0,0.0
20_09_2022_15_43_42.452,28.9,0.00,0.00,0,0.0,37.3,0.006,0.000,0.212,0.000,0.236,0,0,30602,0.0,0.0,0.0,0.0
20_09_2022_15_43_42.677,28.9,0.00,0.00,0,0.0,37.4,0.006,0.000,0.212,0.000,0.236,0,0,30827,0.0,0.0,0.0,0.0
20_09_2022_15_43_42.827,28.9,0.00,0.00,0,0.0,37.3,0.006,0.000,0.212,0.000,0.236,0,0,30977,0.0,0.0,0.0,0.0
20_09_2022_15_43_43.013,28.9,0.00,0.00,0,0.0,37.3,0.006,0.000,0.212,0.000,0.236,0,0,31163,0.0,0.0,0.0,0.0
20_09_2022_15_43_43.501,28.9,0.00,0.00,0,0.0,37.3,0.006,0.000,0.212,0.000,0.236,0,0,31651,0.0,0.0,0.0,0.0
20_09_2022_15_43_43.650,28.9,0.00,0.00,0,0.0,37.3,0.006,0.000,0.212,0.000,0.236,0,0,31800,0.0,0.0,0.0,0.0
20_09_2022_15_43_44.481,28.9,0.00,0.00,0,0.0,37.3,0.006,0.000,0.212,0.000,0.236,0,0,32631,0.0,0.0,0.0,0.0
20_09_2022_15_43_44.631,28.9,0.00,0.00,0,0.0,37.3,0.006,0.000,0.212,0.000,0.236,0,0,32781,0.0,0.0,0.0,0.0
20_09_2022_15_43_45.752,28.9,0.00,0.00,0,0.0,37.3,0.006,0.000,0.212,0.000,0.236,0,0,33902,0.0,0.0,0.0,0.0
20_09_2022_15_43_45.938,28.9,0.00,0.00,0,0.0,37.3,0.006,0.000,0.212,0.000,0.236,0,0,34088,0.0,0.0,0.0,0.0
20_09_2022_15_43_46.088,28.9,0.00,0.00,0,0.0,37.3,0.006,0.000,0.212,0.000,0.236,0,0,34238,0.0,0.0,0.0,0.0
20_09_2022_15_43_46.275,28.9,0.00,0.00,0,0.0,37.3,0.006,0.000,0.212,0.000,0.236,0,0,34425,0.0,0.0,0.0,0.0
20_09_2022_15_43_46.463,28.9,0.00,0.00,0,0.0,37.3,0.006,0.000,0.212,0.000,0.236,0,0,34613,0.0,0.0,0.0,0.0
20_09_2022_15_43_46.651,28.9,0.00,0.00,0,0.0,37.3,0.006,0.000,0.212,0.000,0.236,0,0,34801,0.0,0.0,0.0,0.0
20_09_2022_15_43_46.800,28.9,0.00,0.00,0,0.0,37.3,0.006,0.000,0.212,0.000,0.236,0,0,34950,0.0,0.0,0.0,0.0
20_09_2022_15_43_46.988,28.9,0.00,0.00,0,0.0,37.3,0.006,0.000,0.212,0.000,0.236,0,0,35138,0.0,0.0,0.0,0.0
20_09_2022_15_43_47.177,28.9,0.00,0.00,0,0.0,37.3,0.006,0.000,0.212,0.000,0.236,0,0,35327,0.0,0.0,0.0,0.0
20_09_2022_15_43_47.363,28.9,0.00,0.00,0,0.0,37.3,0.006,0.000,0.212,0.000,0.236,0,0,35513,0.0,0.0,0.0,0.0
20_09_2022_15_43_47.513,28.9,0.00,0.00,0,0.0,37.4,0.006,0.000,0.212,0.000,0.236,0,0,35663,0.0,0.0,0.0,0.0
20_09_2022_15_43_47.701,28.9,0.00,0.00,0,0.0,37.3,0.006,0.000,0.212,0.000,0.236,0,0,35851,0.0,0.0,0.0,0.0
20_09_2022_15_43_47.888,28.9,0.00,0.00,0,0.0,37.3,0.006,0.000,0.212,0.000,0.236,0,0,36038,0.0,0.0,0.0,0.0
20_09_2022_15_43_48.076,28.9,0.00,0.00,0,0.0,37.3,0.006,0.000,0.212,0.000,0.236,0,0,36226,0.0,0.0,0.0,0.0
20_09_2022_15_43_48.226,28.9,0.00,0.00,0,0.0,37.3,0.006,0.000,0.212,0.000,0.236,0,0,36376,0.0,0.0,0.0,0.0
20_09_2022_15_43_48.451,28.9,0.00,0.00,0,0.0,37.3,0.006,0.000,0.212,0.000,0.236,0,0,36601,0.0,0.0,0.0,0.0
20_09_2022_15_43_48.602,28.9,0.00,0.00,0,0.0,37.4,0.006,0.000,0.212,0.000,0.236,0,0,36752,0.0,0.0,0.0,0.0
20_09_2022_15_43_48.826,28.9,0.00,0.00,0,0.0,37.3,0.006,0.000,0.212,0.000,0.236,0,0,36976,0.0,0.0,0.0,0.0
20_09_2022_15_43_48.976,28.9,0.00,0.00,0,0.0,37.3,0.006,0.000,0.212,0.000,0.236,0,0,37126,0.0,0.0,0.0,0.0
20_09_2022_15_43_49.163,28.9,0.00,0.00,0,0.0,37.3,0.006,0.000,0.212,0.000,0.236,0,0,37313,0.0,0.0,0.0,0.0
20_09_2022_15_43_49.351,28.9,0.00,0.00,0,0.0,37.3,0.006,0.000,0.212,0.000,0.236,0,0,37501,0.0,0.0,0.0,0.0
20_09_2022_15_43_49.500,28.9,0.00,0.00,0,0.0,37.3,0.006,0.000,0.212,0.000,0.236,0,0,37650,0.0,0.0,0.0,0.0
20_09_2022_15_43_49.688,28.9,0.00,0.00,0,0.0,37.3,0.006,0.000,0.212,0.000,0.236,0,0,37838,0.0,0.0,0.0,0.0
20_09_2022_15_43_49.876,28.9,0.00,0.00,0,0.0,37.3,0.006,0.000,0.212,0.000,0.236,0,0,38026,0.0,0.0,0.0,0.0
20_09_2022_15_43_50.364,28.9,0.00,0.00,0,0.0,37.4,0.006,0.000,0.212,0.000,0.236,0,0,38514,0.0,0.0,0.0,0.0
20_09_2022_15_43_50.552,28.9,0.00,0.00,0,0.0,37.3,0.006,0.000,0.212,0.000,0.236,0,0,38702,0.0,0.0,0.0,0.0
20_09_2022_15_43_50.701,28.9,0.00,0.00,0,0.0,37.3,0.006,0.000,0.212,0.000,0.236,0,0,38851,0.0,0.0,0.0,0.0
20_09_2022_15_43_51.189,28.9,0.00,0.00,0,0.0,37.3,0.006,0.000,0.212,0.000,0.236,0,0,39339,0.0,0.0,0.0,0.0
20_09_2022_15_43_51.376,28.9,0.00,0.00,0,0.0,37.3,0.006,0.000,0.212,0.000,0.236,0,0,39526,0.0,0.0,0.0,0.0
20_09_2022_15_43_51.565,28.9,0.00,0.00,0,0.0,37.3,0.006,0.000,0.212,0.000,0.236,0,0,39715,0.0,0.0,0.0,0.0
20_09_2022_15_43_52.052,28.9,0.00,0.00,0,0.0,37.3,0.006,0.000,0.212,0.000,0.236,0,0,40202,0.0,0.0,0.0,0.0
20_09_2022_15_43_52.201,28.9,0.00,0.00,0,0.0,37.3,0.006,0.000,0.212,0.000,0.236,0,0,40351,0.0,0.0,0.0,0.0
20_09_2022_15_43_52.389,28.9,0.00,0.00,0,0.0,37.3,0.006,0.000,0.212,0.000,0.236,0,0,40539,0.0,0.0,0.0,0.0
20_09_2022_15_43_52.578,28.9,0.00,0.00,0,0.0,37.3,0.006,0.000,0.212,0.000,0.236,0,0,40728,0.0,0.0,0.0,0.0
20_09_2022_15_43_52.763,28.9,0.00,0.00,0,0.0,37.3,0.006,0.000,0.212,0.000,0.236,0,0,40913,0.0,0.0,0.0,0.0
20_09_2022_15_43_52.914,28.9,0.00,0.00,0,0.0,37.3,0.006,0.000,0.212,0.000,0.236,0,0,41064,0.0,0.0,0.0,0.0
20_09_2022_15_43_53.102,28.9,0.00,0.00,0,0.0,37.3,0.006,0.000,0.212,0.000,0.236,0,0,41252,0.0,0.0,0.0,0.0
20_09_2022_15_43_53.289,28.9,0.00,0.00,0,0.0,37.3,0.006,0.000,0.212,0.000,0.236,0,0,41439,0.0,0.0,0.0,0.0
20_09_2022_15_43_53.476,28.9,0.00,0.00,0,0.0,37.3,0.006,0.000,0.212,0.000,0.236,0,0,41626,0.0,0.0,0.0,0.0
20_09_2022_15_43_53.626,28.9,0.00,0.00,0,0.0,37.3,0.006,0.000,0.212,0.000,0.236,0,0,41776,0.0,0.0,0.0,0.0
20_09_2022_15_43_53.814,28.9,0.00,0.00,0,0.0,37.3,0.006,0.000,0.212,0.000,0.236,0,0,41964,0.0,0.0,0.0,0.0
20_09_2022_15_43_54.001,28.9,0.00,0.00,0,0.0,37.3,0.006,0.000,0.212,0.000,0.236,0,0,42151,0.0,0.0,0.0,0.0
20_09_2022_15_43_54.190,28.9,0.00,0.00,0,0.0,37.3,0.006,0.000,0.212,0.000,0.236,0,0,42340,0.0,0.0,0.0,0.0
20_09_2022_15_43_54.338,28.9,0.00,0.00,0,0.0,37.3,0.006,0.000,0.212,0.000,0.236,0,0,42488,0.0,0.0,0.0,0.0
20_09_2022_15_43_54.527,28.9,0.00,0.00,0,0.0,37.3,0.006,0.000,0.212,0.000,0.236,0,0,42677,0.0,0.0,0.0,0.0
20_09_2022_15_43_54.714,28.9,0.00,0.00,0,0.0,37.3,0.006,0.000,0.212,0.000,0.236,0,0,42864,0.0,0.0,0.0,0.0
20_09_2022_15_43_54.901,28.9,0.00,0.00,0,0.0,37.3,0.006,0.000,0.212,0.000,0.236,0,0,43051,0.0,0.0,0.0,0.0
20_09_2022_15_43_55.051,28.9,0.00,0.00,0,0.0,37.3,0.006,0.000,0.212,0.000,0.236,0,0,43201,0.0,0.0,0.0,0.0
20_09_2022_15_43_55.239,28.9,0.00,0.00,0,0.0,37.3,0.006,0.000,0.212,0.000,0.236,0,0,43389,0.0,0.0,0.0,0.0
20_09_2022_15_43_55.426,28.9,0.00,0.00,0,0.0,37.3,0.006,0.000,0.212,0.000,0.236,0,0,43576,0.0,0.0,0.0,0.0
20_09_2022_15_43_55.613,28.9,0.00,0.00,0,0.0,37.3,0.006,0.000,0.212,0.000,0.236,0,0,43763,0.0,0.0,0.0,0.0
20_09_2022_15_43_55.764,28.9,0.00,0.00,0,0.0,37.3,0.006,0.000,0.212,0.000,0.236,0,0,43914,0.0,0.0,0.0,0.0
20_09_2022_15_43_55.989,28.9,0.00,0.00,0,0.0,37.3,0.006,0.000,0.212,0.000,0.236,0,0,44139,0.0,0.0,0.0,0.0
20_09_2022_15_43_56.138,28.9,0.00,0.00,0,0.0,37.3,0.006,0.000,0.212,0.000,0.236,0,0,44288,0.0,0.0,0.0,0.0
20_09_2022_15_43_56.326,28.9,0.00,0.00,0,0.0,37.3,0.006,0.000,0.212,0.000,0.236,0,0,44476,0.0,0.0,0.0,0.0
20_09_2022_15_43_56.476,28.9,0.00,0.00,0,0.0,37.3,0.006,0.000,0.212,0.000,0.236,0,0,44626,0.0,0.0,0.0,0.0
20_09_2022_15_43_56.664,28.9,0.00,0.00,0,0.0,37.3,0.006,0.000,0.212,0.000,0.236,0,0,44814,0.0,0.0,0.0,0.0
20_09_2022_15_43_56.852,28.9,0.00,0.00,0,0.0,37.3,0.006,0.000,0.212,0.000,0.236,0,0,45002,0.0,0.0,0.0,0.0
20_09_2022_15_43_57.038,28.9,0.00,0.00,0,0.0,37.3,0.006,0.000,0.212,0.000,0.236,0,0,45188,0.0,0.0,0.0,0.0
20_09_2022_15_43_57.527,28.9,0.00,0.00,0,0.0,37.3,0.006,0.000,0.212,0.000,0.236,0,0,45677,0.0,0.0,0.0,0.0
20_09_2022_15_43_57.676,28.9,0.00,0.00,0,0.0,37.3,0.006,0.000,0.212,0.000,0.236,0,0,45826,0.0,0.0,0.0,0.0
20_09_2022_15_43_57.864,28.9,0.00,0.00,0,0.0,37.3,0.006,0.000,0.212,0.000,0.236,0,0,46014,0.0,0.0,0.0,0.0
20_09_2022_15_43_58.051,28.9,0.00,0.00,0,0.0,37.3,0.006,0.000,0.212,0.000,0.236,0,0,46201,0.0,0.0,0.0,0.0
20_09_2022_15_43_58.238,28.9,0.00,0.00,0,0.0,37.3,0.006,0.000,0.212,0.000,0.236,0,0,46388,0.0,0.0,0.0,0.0
20_09_2022_15_43_58.388,28.9,0.00,0.00,0,0.0,37.3,0.006,0.000,0.212,0.000,0.236,0,0,46538,0.0,0.0,0.0,0.0
20_09_2022_15_43_58.578,28.9,0.00,0.00,0,0.0,37.3,0.006,0.000,0.212,0.000,0.236,0,0,46728,0.0,0.0,0.0,0.0
20_09_2022_15_43_58.763,28.9,0.00,0.00,0,0.0,37.3,0.006,0.000,0.212,0.000,0.236,0,0,46913,0.0,0.0,0.0,0.0
20_09_2022_15_43_58.951,28.9,0.00,0.00,0,0.0,37.3,0.006,0.000,0.212,0.000,0.236,0,0,47101,0.0,0.0,0.0,0.0
20_09_2022_15_43_59.101,28.9,0.00,0.00,0,0.0,37.3,0.006,0.000,0.212,0.000,0.236,0,0,47251,0.0,0.0,0.0,0.0
20_09_2022_15_43_59.289,28.9,0.00,0.00,0,0.0,37.3,0.006,0.000,0.212,0.000,0.236,0,0,47439,0.0,0.0,0.0,0.0
20_09_2022_15_43_59.476,28.9,0.00,0.00,0,0.0,37.3,0.006,0.000,0.212,0.000,0.236,0,0,47626,0.0,0.0,0.0,0.0
20_09_2022_15_43_59.663,28.9,0.00,0.00,0,0.0,37.3,0.006,0.000,0.212,0.000,0.236,0,0,47813,0.0,0.0,0.0,0.0
20_09_2022_15_43_59.814,28.9,0.00,0.00,0,0.0,37.3,0.006,0.000,0.212,0.000,0.236,0,0,47964,0.0,0.0,0.0,0.0
20_09_2022_15_44_00.001,28.9,0.00,0.00,0,0.0,37.3,0.006,0.000,0.212,0.000,0.236,0,0,48151,0.0,0.0,0.0,0.0
20_09_2022_15_44_00.189,28.9,0.00,0.00,0,0.0,37.3,0.006,0.000,0.212,0.000,0.236,0,0,48339,0.0,0.0,0.0,0.0
20_09_2022_15_44_00.376,28.9,0.00,0.00,0,0.0,37.3,0.006,0.000,0.212,0.000,0.236,0,0,48526,0.0,0.0,0.0,0.0
20_09_2022_15_44_00.526,28.9,0.00,0.00,0,0.0,37.3,0.006,0.000,0.212,0.000,0.236,0,0,48676,0.0,0.0,0.0,0.0
20_09_2022_15_44_00.715,28.9,0.00,0.00,0,0.0,37.3,0.006,0.000,0.212,0.000,0.236,0,0,48865,0.0,0.0,0.0,0.0
20_09_2022_15_44_00.901,28.9,0.00,0.00,0,0.0,37.3,0.006,0.000,0.212,0.000,0.236,0,0,49051,0.0,0.0,0.0,0.0
20_09_2022_15_44_01.127,28.9,0.00,0.00,0,0.0,37.3,0.006,0.000,0.212,0.000,0.236,0,0,49277,0.0,0.0,0.0,0.0
20_09_2022_15_44_01.314,28.9,0.00,0.00,0,0.0,37.3,0.006,0.000,0.212,0.000,0.236,0,0,49464,0.0,0.0,0.0,0.0